{
	"BUtil_CampaignRenderingManager":{
		"defaultName":"BUtil_CampaignRenderingManager",
		"defaultRadius":0,
		"customDescriptionId":"orbital_station_default",
		"icon":"graphics/textures/BUtil_NONE.png",
		"iconWidth":1,
		"iconHeight":1,
		"sprite":"graphics/textures/BUtil_NONE.png",
		"spriteWidth":1,
		"spriteHeight":1,
		"renderShadow":false,
		"useLightColor":false,
		"showInCampaign":true,
		"showIconOnMap":false,
		"showNameOnMap":false,
		"scaleNameWithZoom":false,
		"scaleIconWithZoom":true,
		"tags":["not_random_mission_target"],
		"layers":[ABOVE],
		"interactable":false,
		"pluginClass":"org.boxutil.units.builtin.shader.BUtil_CampaignRenderingEntity",
	},
}